profile,name,rank,utility,useful
ОПР-1 «Планувальник»,M7,1,0.8952705661192522,True
ОПР-1 «Планувальник»,M4,2,0.7845426712512664,True
ОПР-1 «Планувальник»,M5,3,0.7397408724980529,True
ОПР-1 «Планувальник»,M6,4,0.05984539078899879,True
ОПР-1 «Планувальник»,M1,5,0.10472943388074789,False
ОПР-1 «Планувальник»,M2,6,0.10472943388074789,False
ОПР-1 «Планувальник»,M3,7,0.08976808618349819,False
ОПР-2 «Аналітик»,M4,1,0.9061887056157916,True
ОПР-2 «Аналітик»,M7,2,0.8952705661192522,True
ОПР-2 «Аналітик»,M5,3,0.8615074945047843,True
ОПР-2 «Аналітик»,M6,4,0.05984539078899882,True
ОПР-2 «Аналітик»,M1,5,0.10472943388074794,False
ОПР-2 «Аналітик»,M2,6,0.10472943388074794,False
ОПР-2 «Аналітик»,M3,7,0.08976808618349823,False
ОПР-3 «Інженер супроводу»,M4,1,0.930910579474642,True
ОПР-3 «Інженер супроводу»,M5,2,0.6738314072847065,True
ОПР-3 «Інженер супроводу»,M7,3,0.4,True
ОПР-3 «Інженер супроводу»,M6,4,0.3428571428571428,True
ОПР-3 «Інженер супроводу»,M1,5,0.6,False
ОПР-3 «Інженер супроводу»,M2,6,0.6,False
ОПР-3 «Інженер супроводу»,M3,7,0.5142857142857142,False
