T,F
1,13.0
2,18.19
3,15.796
4,19.489
5,11.846
6,15.848
7,19.42
8,12.134
9,16.613
10,18.71
11,14.35
12,19.61
13,11.481
14,14.927
15,19.701
16,11.128
17,13.939
18,19.244
19,12.703
20,17.598
21,17.053
22,18.014
23,16.196
24,19.129
25,13.114
26,18.37
27,15.31
28,19.587
29,11.519
30,15.021
31,19.756
32,10.854
33,13.021
34,18.174
35,15.78
36,19.566
37,11.579
38,15.185
39,19.781
40,10.807
41,12.887
42,18.014
43,16.21
44,19.118
45,13.14
46,18.469
47,14.979
48,19.793
49,10.797
50,12.829
51,18.013
52,16.248
53,19.082
54,13.255
55,18.591
56,14.712
57,19.752
58,10.941
59,13.357
60,18.769
