seed,output,type,asm:МНК,asm:перцептрон,asm:поліном КГ,"asm:багатошаровий, F = 4","asm:багатошаровий, F = 6","asm:багатошаровий, F = 8",fc:moments,fc:single,fc:balance,fc:cascade,fc:cascade_lin
0,"багатошаровий, F = 6",перцептрон,0.06983428552811534,0.06936466409490948,0.09597718441851358,0.05497775081174214,0.04007607783449334,0.04007607783449334,0.13181302140679071,0.1029126730743631,0.11739752764638266,0.13320015259956464,0.12522470161662305
1,перцептрон,МНК,0.05738708960887501,0.035115122751342556,0.03158420655141784,0.06573123672266454,0.06319541006669759,0.0584842716913296,0.15729189301029117,0.11423979991463296,0.09915104797357821,0.10984554135176389,0.10984554135176389
2,перцептрон,"багатошаровий, F = 4",0.07433056291709404,0.02471723766501329,0.027452836918695434,0.2339092293552261,0.031101251202491385,0.027192467594535724,0.2029003932440079,0.18873250770053346,0.16677019819385924,0.07810773166656486,0.08434245750396732
3,"багатошаровий, F = 6","багатошаровий, F = 4",0.07001109614004312,0.051013554327564534,0.08641669882668454,0.0710399598726572,0.03855428878031476,0.037893874159064186,0.14161833556577877,0.1260643921869688,0.12134721204457144,0.14241707546006677,0.14210647987865657
4,перцептрон,перцептрон,0.12154019408996032,0.03581570349607753,0.053302927081689065,0.03547973498783477,0.028089879009328102,0.020058803606761454,0.26158999550254597,0.2602822592255649,0.25910625432730366,0.14278055822015268,0.1441052956033646
5,перцептрон,"багатошаровий, F = 4",0.33133687396550376,0.022835552403984834,0.2882741103996633,0.033596804276077974,0.04527543185247577,0.44024275882281305,0.3895118296424532,0.354936457548733,0.2842641633977244,0.16821682334083551,0.15953502530775343
6,перцептрон,"багатошаровий, F = 8",0.10205513707248152,0.03368152148421154,0.061022593557373765,0.08624165638838453,0.16687978247681629,0.0474701257049841,0.16478593452171,0.15555275616808553,0.15379836324763674,0.1145230142920475,0.11862593713773954
7,перцептрон,"багатошаровий, F = 4",0.10407804259091764,0.02311196102712438,0.05177611171579297,0.04479099825605434,0.026683035018267545,0.033081674509576595,0.24962760381590998,0.21947811617385551,0.21701529907829678,0.2190798145575343,0.2212950624205888
8,перцептрон,"багатошаровий, F = 8",0.17238756648397188,0.036786694397607955,0.059439757704366464,0.03930915000260976,0.023998899707934444,0.024054251635396835,0.30531528736972335,0.24423041850541757,0.24997404098479561,0.10747533359709084,0.09450530959667254
9,перцептрон,"багатошаровий, F = 8",0.08152180358094888,0.038981294317991334,0.039509073700131694,0.049249424019566286,0.027862573452834365,0.045552304992684346,0.17407843787106986,0.14710735485702503,0.14696699303688393,0.10493320970490444,0.10496354531527229
10,—,"багатошаровий, F = 6",0.06011097386451355,0.05492604835144935,0.05759473766064201,0.06496276208174959,0.06734053121013336,0.06523172689735789,0.08783400729781457,0.07719191771974677,0.07816235170574211,0.07193869422926426,0.071899888294302
11,перцептрон,"багатошаровий, F = 8",0.08824718236713455,0.03217114698376788,0.04522311268628251,0.04021066817898887,0.03128734977259488,0.0927643197518496,0.20985142383692051,0.1805899627969666,0.17045356762528227,0.07904757294654002,0.0867553233642729
12,перцептрон,МНК,0.23315822576841042,0.023559661629086306,0.19668006529009302,0.02981602733271498,0.04235511622545408,0.06647492826968202,0.3381804234647385,0.250183713846191,0.24003815205648135,0.06640974162516672,0.06640974162516672
13,перцептрон,"багатошаровий, F = 4",0.14661355028797834,0.028571241815800823,0.12605196874094282,0.15064411664917995,0.15085359117236005,0.13468071823346406,0.24534431078557425,0.15820353374308374,0.15951497934587258,0.08821846290477986,0.08810704292898257
14,—,поліном КГ,0.08570855536583533,0.052607403072691766,0.08166288605307799,0.0962251292725527,0.06590358958205607,0.07018040745410159,0.12187612503094783,0.10878300286044965,0.1106153473277246,0.26491297855297063,0.21562215854251868
15,перцептрон,"багатошаровий, F = 4",0.08943806961825382,0.027079782115577617,0.06338706517990782,0.02104634610137704,0.02704197054925665,0.024243176414280147,0.2075384013307937,0.12038456682767185,0.12038456682767185,0.11469580458538278,0.1407217761262996
16,перцептрон,"багатошаровий, F = 4",0.06336161222414559,0.023571098936664477,0.04125453429946434,0.02683158949046066,0.047197210201233145,0.03752806560447951,0.16925340029776936,0.15109892593353236,0.15824498674036064,0.11307298196679498,0.11260575169859285
17,перцептрон,"багатошаровий, F = 4",0.07842703996673235,0.035684151422115014,0.03547925898420822,0.03182251761562,0.027096140391575665,0.027096140391575665,0.1972831374117083,0.1818373908661167,0.18303220541483492,0.1258185147602505,0.12134957945713903
18,"багатошаровий, F = 4","багатошаровий, F = 4",0.07922697387506474,0.07475264252110977,0.10418055647741571,0.042360409507224535,0.03884774974453756,0.029542213301911868,0.1431420450285839,0.11764956360037931,0.12834217717896196,0.11456709731010403,0.10664552537661452
19,перцептрон,МНК,0.0979775618645781,0.03380908385468177,0.09101241005706097,0.03896735734863145,0.025416012101705895,0.029194890216358193,0.21087170547335635,0.12699414897311032,0.1669395158091846,0.20179729874653923,0.20179729874653923
