indicator,generated,weight,mean,std,skew,kurtosis,loglik_normal,loglik_uniform,p_normal,p_uniform,law,confirmed
x1,N(50; 10),3.0,50.44993188562717,10.236155660676282,0.48752017715703844,0.05010172240697042,-373.9839490638059,-393.33915800509345,0.16165916316354834,9.391829829186281e-07,нормальний,True
x2,U(10; 90),2.5,49.61255622397171,22.311867786461086,0.02023452357088347,-1.2462690060196273,-451.9032089916007,-432.9849835085894,0.0006678952052505579,0.6533137683838398,рівномірний,True
x3,N(50; 10),2.0,50.44678088788324,9.70869840617883,0.21120673926247788,-0.09132285904732296,-368.6935591858584,-383.41311531485167,0.3415827435161134,3.855568179989489e-05,нормальний,True
x4,U(10; 90),1.8,50.95833084648267,22.970559565802834,-0.058626457727127164,-1.2646976688276679,-454.8126742405016,-435.1459151162932,0.0004316177278901734,0.993669912733207,рівномірний,True
x5,N(50; 10),1.5,49.98192342672245,10.100271662959052,0.193589122385519,-0.25619872472614524,-372.64756860860876,-396.6579742896311,0.7135571466942536,6.670493470450125e-05,нормальний,True
x6,U(10; 90),1.2,54.852155786111425,22.351593951603242,-0.24346586480129317,-1.0921552240494468,-452.0811001539622,-434.0593147420286,0.0005117066398603972,0.04147751281916978,рівномірний,False
x7,N(50; 10),1.0,50.13672952724555,9.37391880120636,-0.26232262919352184,0.514782025851523,-365.18446026123047,-395.88720802543025,0.395800132720446,1.2195078520386274e-05,нормальний,True
x8,U(10; 90),0.9,56.25044142512548,23.327858396824713,-0.38618522309051334,-1.054374003955231,-456.3561650990784,-437.9790527139403,0.00014687303585871522,0.012351234350909901,рівномірний,False
x9,N(50; 10),0.8,49.99598288128901,10.616583348916345,-0.2053028221834076,-0.5071912242696892,-377.63306107714146,-388.8228757510697,0.4388038677623393,0.010053844984897808,нормальний,True
x10,U(10; 90),0.7,50.25763105715806,23.643381792354297,0.005414852979158265,-1.2461521921997154,-457.6996601406691,-435.383709660618,0.00048207238363268714,0.93822829419138,рівномірний,True
x11,N(50; 10),0.6,50.05835673047843,9.023600814305434,-0.3736089740534302,-0.22717207224948632,-361.3756823051797,-384.8679898911554,0.2780505630658727,0.0013070705186888354,нормальний,True
x12,U(10; 90),0.5,48.88504601690102,23.501390412818797,0.061830460342895396,-1.193885615974088,-457.09729511806944,-435.80368710711366,0.0007869656775420936,0.934541672993691,рівномірний,True
x13,N(50; 10),0.4,51.01659896702096,10.074303355177195,0.32664935075740337,0.55687493509383,-372.3901324831862,-410.02094375987247,0.5121332843589615,1.7844763412088445e-05,нормальний,True
x14,U(10; 90),0.3,49.181322085679874,22.413665598273212,0.023243145312629394,-1.2348227764764614,-452.3584209472524,-432.76934672777196,0.000742811352033471,0.968794488893028,рівномірний,True
x15,N(50; 10),0.25,48.09127336799273,10.22850404156375,-0.08860804018766676,-0.0982114886633898,-373.9091702052231,-392.5022180993444,0.47635389546658136,0.0016804770057212703,нормальний,True
x16,U(10; 90),0.2,49.919309678836605,23.1072269341904,-0.0011061553456265217,-1.3090866883875258,-455.4058788170926,-435.880759874746,0.0001923127013156039,0.4625125894029407,рівномірний,True
x17,N(50; 10),0.15,49.866500029848176,10.387361685179295,0.4226956555596325,0.19821383709478368,-375.4503209864631,-398.48919829558554,0.2773555001092188,1.6526367115621974e-05,нормальний,True
x18,U(10; 90),0.1,49.940990405437105,23.443739344325085,0.11315662501144419,-1.1856245743464353,-456.85168456049547,-437.76227475194815,0.0009755272058844253,0.6977802299697548,рівномірний,True
