experiment,array,m,y_mean,y_std,ls_sx_train,ls_sx_check,ls_max_dw,ls_a0,gmdh_layers,gmdh_models,gmdh_sx_train,gmdh_sx_check,gmdh_criterion,gmdh_factors,gmdh_max_dw,gmdh_a0,first_layer_models,structural_variety
1,X1,2,275.3811862168108,62.179597012617045,7.174119466706668e-14,7.852488497937164e-14,4.884981308350689e-15,-1.7758573675250955e-13,1,1,7.174119466706668e-14,7.852488497937164e-14,1.7151030943078747e-30,2,4.884981308350689e-15,-1.7758573675250955e-13,1,3
2,X1,2,275.38118621681076,62.179597012617045,2.78060037158995e-13,7.358057998002276e-13,2.531308496145357e-14,2.255960202168333e-12,1,1,2.78060037158995e-13,7.358057998002276e-13,5.712972423246164e-29,2,2.531308496145357e-14,2.255960202168333e-12,1,3
2*,X1,2,275.38118621681076,62.17959701261705,1.2863991687769486e-13,2.7023052834930953e-13,8.43769498715119e-15,-6.710008828384158e-13,1,1,1.2863991687769486e-13,2.7023052834930953e-13,1.0839048869404678e-28,2,8.43769498715119e-15,-6.710008828384158e-13,1,3
1,X2,3,376.2747479925773,62.58984493395509,7.227086414865874e-13,8.484090529064567e-13,6.17284001691587e-14,1.1479627103997652e-12,10,29,0.00013648526173998,0.00014070202861839247,4.5986947481514646e-12,3,1.2787280043058402e-05,0.0003809781790022047,3,7
2,X2,3,376.27474799257726,62.58984493395508,6.263839680051885e-13,1.965041445431762e-12,7.416289804496046e-14,-8.211789696969442e-12,8,23,2.4766184365667833e-05,3.053591019125551e-05,9.130620270883201e-14,3,2.5343270397826245e-06,0.000153600748421977,3,7
2*,X2,3,376.2747479925773,62.589844933955085,8.799655523750003e-13,1.7940080775548298e-12,6.439293542825908e-14,-7.858335848528205e-12,12,34,7.462510516276762e-05,6.336162627445263e-05,3.1448344964766175e-12,3,5.783967708339333e-06,0.00015257390664952242,3,7
1,X3,6,608.7952155996635,78.24218271742544,2.0585862555319774e-12,1.9001352917156332e-12,1.4566126083082054e-13,-1.686787974822281e-11,12,207,7.3279596977717185,9.181656308173638,0.013643201482902642,6,0.6281898192449376,43.307248099201615,15,63
2,X3,6,608.7952155996634,78.24218271742544,2.266090639161181e-12,5.241053641557033e-12,2.000621890374532e-13,-3.391286908463751e-11,5,108,10.744925456367081,14.826926565366865,0.013387217430263328,6,0.7192127040964393,67.64941005522164,15,63
2*,X3,6,608.7952155996634,78.24218271742544,2.90955977816236e-12,4.3301603739746216e-12,2.602362769721367e-13,2.92373362206343e-11,5,90,20.144347401299587,26.53084755632358,0.4984625548806369,6,1.6789117800402815,192.05813780302873,15,63
1,X4,9,749.554128714553,82.96731866110827,6.128659083228813e-12,8.300436847172319e-12,4.588551760775772e-13,-8.586126317867047e-11,7,334,24.78821620976653,25.933895582739183,0.08315569618472819,9,1.8150904035912259,272.7561166680905,36,511
2,X4,9,749.554128714553,82.96731866110825,4.986194132259245e-12,1.2468410970702505e-11,3.765876499528531e-13,-8.973119928400317e-11,7,392,22.543483771511852,29.926682308161126,0.04987949760635834,8,1.5957671444330739,316.90926243947206,36,511
2*,X4,9,749.5541287145534,82.96731866110827,6.328808802768158e-12,9.814188155931635e-12,4.2366110619695974e-13,-8.321364832766054e-11,6,327,27.29008647156768,33.016548281436705,0.687885369264709,8,1.3620163071839153,296.24783103596303,36,511
1,X5,18,908.8537980366002,86.09184385287193,2.5511778001478965e-12,3.384356149173016e-12,2.0183854587685346e-13,2.4786364777142716e-11,10,2676,21.973975831766957,22.48993553703237,0.06024507718832301,13,1.2444855698999708,219.85102601720496,153,262143
2,X5,18,908.8537980366001,86.09184385287193,9.976090572470821e-12,2.934429576038067e-11,9.601208716958354e-13,2.6325532200182177e-10,9,2633,23.48670386412479,32.97338873466387,0.0546158809245519,11,1.2162203485139154,394.37725960043554,153,262143
2*,X5,18,908.8537980366002,86.09184385287192,2.6256139813797937e-12,2.4172826781042536e-12,1.6353585152728556e-13,-8.368694453427985e-12,11,2922,22.682415229235403,23.59179552418002,0.31520672977642555,15,0.9352196140313207,252.09629921135067,153,262143
