array,experiment,indicator,true,ls,gmdh
X1,1,x1,3.0,3.000000000000005,3.000000000000005
X1,1,x2,2.5,2.4999999999999982,2.4999999999999982
X1,1,a0,0.0,-1.7758573675250955e-13,-1.7758573675250955e-13
X1,2,x1,3.0,2.9999999999999747,2.9999999999999747
X1,2,x2,2.5,2.499999999999982,2.499999999999982
X1,2,a0,0.0,2.255960202168333e-12,2.255960202168333e-12
X1,2*,x1,3.0,3.0000000000000084,3.0000000000000084
X1,2*,x2,2.5,2.5000000000000067,2.5000000000000067
X1,2*,a0,0.0,-6.710008828384158e-13,-6.710008828384158e-13
X2,1,x1,3.0,2.9999999999999383,3.00000609095141
X2,1,x2,2.5,2.500000000000016,2.4999989480331375
X2,1,x3,2.0,2.0000000000000258,1.999987212719957
X2,1,a0,0.0,1.1479627103997652e-12,0.0003809781790022047
X2,2,x1,3.0,3.000000000000074,2.99999746567296
X2,2,x2,2.5,2.500000000000041,2.5000000842362895
X2,2,x3,2.0,2.0000000000000475,1.9999994363832052
X2,2,a0,0.0,-8.211789696969442e-12,0.000153600748421977
X2,2*,x1,3.0,3.0000000000000644,2.9999942160322917
X2,2*,x2,2.5,2.500000000000038,2.500001664704788
X2,2*,x3,2.0,2.000000000000062,2.0000012800977442
X2,2*,a0,0.0,-7.858335848528205e-12,0.00015257390664952242
X3,1,x1,3.0,3.0000000000001457,3.301844981755721
X3,1,x2,2.5,2.500000000000016,2.4752323664418867
X3,1,x3,2.0,2.000000000000027,1.527165190537275
X3,1,x4,1.8,1.8000000000000294,1.7620562446279706
X3,1,x5,1.5,1.5000000000000662,0.8718101807550624
X3,1,x6,1.2,1.2000000000000401,1.1945719996461328
X3,1,a0,0.0,-1.686787974822281e-11,43.307248099201615
X3,2,x1,3.0,3.0000000000001465,3.2072306193621487
X3,2,x2,2.5,2.500000000000086,2.088500966800606
X3,2,x3,2.0,2.0000000000001537,1.2807872959035607
X3,2,x4,1.8,1.8000000000000551,1.9224129886050116
X3,2,x5,1.5,1.5000000000002,1.2317743007986042
X3,2,x6,1.2,1.2000000000000293,0.9348598297749018
X3,2,a0,0.0,-3.391286908463751e-11,67.64941005522164
X3,2*,x1,3.0,2.999999999999849,2.8181837094488458
X3,2*,x2,2.5,2.499999999999959,2.180120324367002
X3,2*,x3,2.0,1.9999999999998939,0.3210882199597184
X3,2*,x4,1.8,1.7999999999999594,1.7984642846480887
X3,2*,x5,1.5,1.4999999999997398,0.10330165761310135
X3,2*,x6,1.2,1.1999999999999948,0.8648709919364475
X3,2*,a0,0.0,2.92373362206343e-11,192.05813780302873
X4,1,x1,3.0,3.0000000000003046,2.178595135609307
X4,1,x2,2.5,2.5000000000000604,2.5717415064302696
X4,1,x3,2.0,2.000000000000314,0.18490959640877414
X4,1,x4,1.8,1.8000000000000727,1.7915873018512862
X4,1,x5,1.5,1.5000000000001736,0.8156429547055885
X4,1,x6,1.2,1.1999999999999877,0.8234519173079011
X4,1,x7,1.0,1.0000000000003368,0.3002163500146941
X4,1,x8,0.9,0.8999999999999992,0.6570913848148187
X4,1,x9,0.8,0.8000000000004589,0.016404646495870746
X4,1,a0,0.0,-8.586126317867047e-11,272.7561166680905
X4,2,x1,3.0,3.000000000000262,1.667482303856447
X4,2,x2,2.5,2.5000000000002185,2.36724187534585
X4,2,x3,2.0,2.000000000000361,0.40423285556692606
X4,2,x4,1.8,1.8000000000001393,1.6107219661193264
X4,2,x5,1.5,1.5000000000002265,0.7863804510818333
X4,2,x6,1.2,1.2000000000000848,0.8899577512662091
X4,2,x7,1.0,1.0000000000003766,-0.017608889909871944
X4,2,x8,0.9,0.9000000000000373,0.7580427627004681
X4,2,x9,0.8,0.8000000000000554,0.0
X4,2,a0,0.0,-8.973119928400317e-11,316.90926243947206
X4,2*,x1,3.0,3.000000000000249,1.7868080289683868
X4,2*,x2,2.5,2.5000000000001443,2.3213868968754
X4,2*,x3,2.0,2.0000000000003504,0.6379836928160847
X4,2*,x4,1.8,1.8000000000001104,1.8141014952644265
X4,2*,x5,1.5,1.50000000000013,0.8525997786578715
X4,2*,x6,1.2,1.2000000000000615,0.7995641144875997
X4,2*,x7,1.0,1.0000000000004237,0.0
X4,2*,x8,0.9,0.9000000000000684,0.2858294338828829
X4,2*,x9,0.8,0.8000000000001538,0.23890691777370762
X4,2*,a0,0.0,-8.321364832766054e-11,296.24783103596303
X5,1,x1,3.0,2.9999999999999045,3.394835649484204
X5,1,x2,2.5,2.4999999999999596,2.4120595111014627
X5,1,x3,2.0,1.9999999999997982,0.7555144301000292
X5,1,x4,1.8,1.7999999999999763,1.8488673132904836
X5,1,x5,1.5,1.4999999999998668,0.7117364369025139
X5,1,x6,1.2,1.200000000000016,0.9286422177963027
X5,1,x7,1.0,1.00000000000001,0.9392117678521323
X5,1,x8,0.9,0.9000000000000015,0.6861237655198233
X5,1,x9,0.8,0.7999999999999873,0.8794055209673362
X5,1,x10,0.7,0.6999999999999982,0.6521233006303957
X5,1,x11,0.6,0.6000000000000291,0.10600519072578563
X5,1,x12,0.5,0.4999999999999571,0.08501513297727703
X5,1,x13,0.4,0.4000000000000476,0.0
X5,1,x14,0.3,0.29999999999998617,0.0
X5,1,x15,0.25,0.2500000000000767,0.0
X5,1,x16,0.2,0.19999999999999343,0.15165089518533403
X5,1,x17,0.15,0.149999999999897,0.0
X5,1,x18,0.1,0.10000000000000302,0.0
X5,1,a0,0.0,2.4786364777142716e-11,219.85102601720496
X5,2,x1,3.0,2.99999999999904,1.9793836966888971
X5,2,x2,2.5,2.4999999999995475,2.3500905303586475
X5,2,x3,2.0,1.9999999999994027,0.7837796514860846
X5,2,x4,1.8,1.7999999999996332,1.7063056659416311
X5,2,x5,1.5,1.4999999999995701,0.49780281338053056
X5,2,x6,1.2,1.1999999999999194,0.9806879042041308
X5,2,x7,1.0,0.99999999999927,0.0
X5,2,x8,0.9,0.8999999999999158,0.7186555859861645
X5,2,x9,0.8,0.7999999999998917,0.0
X5,2,x10,0.7,0.6999999999998051,0.16465856648344923
X5,2,x11,0.6,0.600000000000156,0.0
X5,2,x12,0.5,0.4999999999999357,0.32029243603094604
X5,2,x13,0.4,0.3999999999998428,0.22637976172902574
X5,2,x14,0.3,0.29999999999988486,0.36352991378376154
X5,2,x15,0.25,0.2499999999995753,0.0
X5,2,x16,0.2,0.19999999999987036,0.0
X5,2,x17,0.15,0.1499999999996009,0.0
X5,2,x18,0.1,0.09999999999990304,0.0
X5,2,a0,0.0,2.6325532200182177e-10,394.37725960043554
X5,2*,x1,3.0,3.0000000000001203,2.1626762865787446
X5,2*,x2,2.5,2.4999999999999494,2.393046269397868
X5,2*,x3,2.0,1.9999999999999714,1.0647803859686793
X5,2*,x4,1.8,1.8000000000000291,2.241984714801952
X5,2*,x5,1.5,1.5000000000000349,0.6045685938275333
X5,2*,x6,1.2,1.1999999999999573,1.0723846225991056
X5,2*,x7,1.0,1.0000000000000335,0.17575164211732863
X5,2*,x8,0.9,0.9000000000000062,0.6778787983779592
X5,2*,x9,0.8,0.8000000000001636,0.5887890755978693
X5,2*,x10,0.7,0.700000000000013,0.776360806541944
X5,2*,x11,0.6,0.5999999999999953,0.0
X5,2*,x12,0.5,0.4999999999999562,0.22487058779201868
X5,2*,x13,0.4,0.3999999999999152,0.1294872405133584
X5,2*,x14,0.3,0.29999999999998156,0.29260263765393685
X5,2*,x15,0.25,0.2500000000000978,0.0
X5,2*,x16,0.2,0.199999999999954,0.12865064674734672
X5,2*,x17,0.15,0.14999999999994162,0.2895382178160491
X5,2*,x18,0.1,0.1000000000000489,0.0
X5,2*,a0,0.0,-8.368694453427985e-12,252.09629921135067
