array,experiment,layer,inputs,models,criterion,sx_check,factors,stop
X1,1,1,2,1,1.4155217677912154e-30,7.133792449855681e-14,2,
X1,2,1,2,1,5.932035522580863e-29,7.497802809424724e-13,2,
X1,2*,1,2,1,1.0839048869404678e-28,2.7023052834930953e-13,2,
X2,1,1,3,3,0.09469847991163861,20.190848564149466,2,
X2,1,2,3,3,0.0032436913313094056,3.7368255840414397,3,
X2,1,3,3,3,0.00012045232576567972,0.7200964378986218,3,
X2,1,4,3,3,1.9304728636992525e-05,0.288280268702136,3,
X2,1,5,3,3,8.144635429933978e-07,0.05921324912758585,3,
X2,1,6,3,3,3.3281569533914637e-08,0.011969746893923114,3,
X2,1,7,3,3,5.1221063353372115e-09,0.004695775901252276,3,
X2,1,8,3,3,2.1652595172625545e-10,0.0009654683597383619,3,
X2,1,9,3,3,8.484026619010627e-12,0.0001911102932142534,3,
X2,1,10,3,2,4.59869474865275e-12,0.00014070202862606114,3,
X2,2,1,3,3,0.10755350528511388,33.14156505843632,2,
X2,2,2,3,3,0.0017736606268429996,4.255944849725595,3,
X2,2,3,3,3,1.1795923969383296e-06,0.10975560580637218,3,
X2,2,4,3,3,3.7011994380967725e-07,0.06147973299254486,3,
X2,2,5,3,3,1.2296400274350037e-08,0.011205976951525058,3,
X2,2,6,3,3,6.881537353392405e-12,0.0002650961769763565,3,
X2,2,7,3,3,2.812543413890551e-12,0.00016947683555748909,3,
X2,2,8,3,2,9.130620207419732e-14,3.053591008513376e-05,3,
X2,2*,1,3,3,0.43643552894195214,23.604101158923363,2,
X2,2*,2,3,3,0.053477460652747416,8.262525382117442,3,
X2,2*,3,3,3,0.002031848839789193,1.610545934417862,3,
X2,2*,4,3,3,0.0003657808255652873,0.6833416407297519,3,
X2,2*,5,3,3,6.729227616261496e-05,0.2930960917863236,3,
X2,2*,6,3,3,2.2989742349592405e-06,0.0541744449297915,3,
X2,2*,7,3,3,4.956173002085013e-07,0.025153628765619957,3,
X2,2*,8,3,3,9.219247569418834e-08,0.010848636479887866,3,
X2,2*,9,3,3,2.698730601187127e-09,0.0018561248493159503,3,
X2,2*,10,3,3,6.611216427817923e-10,0.0009186881309863922,3,
X2,2*,11,3,3,1.2459036790877776e-10,0.0003988133176349914,3,
X2,2*,12,3,1,3.1448344996572397e-12,6.336162630649396e-05,3,
X3,1,1,6,15,0.32328401282913044,44.694594326436615,2,
X3,1,2,7,21,0.12217334650711426,27.475848978939812,4,
X3,1,3,7,21,0.07539347334592897,21.583892106274064,5,
X3,1,4,6,15,0.062352196298894505,19.628574626406934,5,
X3,1,5,6,15,0.048346815188583,17.284102011558375,6,
X3,1,6,6,15,0.030578452959586572,13.745819614849516,6,
X3,1,7,6,15,0.02446174533161754,12.294379249551222,6,
X3,1,8,6,15,0.023438081640530403,12.034385436906112,6,
X3,1,9,6,15,0.017887946490432297,10.51339857055537,6,
X3,1,10,6,15,0.014789094374928858,9.55946694418008,6,
X3,1,11,6,15,0.01380381117277019,9.235542060280483,6,
X3,1,12,6,15,0.013643201482907227,9.18165630817518,6,
X3,1,13,6,15,0.013826990845799893,9.243293073650415,6,True
X3,2,1,6,15,0.49441759305946603,90.10583925035682,2,
X3,2,2,7,21,0.1154295916898819,43.53760729592955,4,
X3,2,3,7,21,0.048931787864275475,28.346635557327406,5,
X3,2,4,7,21,0.019100635524813177,17.710461851042098,6,
X3,2,5,6,15,0.013387217430263429,14.82692656536692,6,
X3,2,6,6,15,0.013363062376489755,14.813544138811855,6,True
X3,2*,1,6,15,4.284564667907175,77.78362978408022,2,
X3,2*,2,6,15,0.6148389749267651,29.465617681588192,4,
X3,2*,3,6,15,0.5348564196969497,27.48232435994119,5,
X3,2*,4,6,15,0.5156846194542478,26.98528094684993,6,
X3,2*,5,6,15,0.498462554880633,26.530847556323476,6,
X3,2*,6,6,15,0.4935781572916924,26.400540650250047,6,True
X4,1,1,9,36,0.38219767739655874,55.59884602901379,2,
X4,1,2,10,45,0.17083221276700844,37.17120491799234,4,
X4,1,3,10,45,0.11490809383748742,30.485762798857365,5,
X4,1,4,10,45,0.10452320048809786,29.075561177237336,5,
X4,1,5,11,55,0.09503956620780445,27.72515473779067,6,
X4,1,6,9,36,0.0844332612646932,26.132354330167296,9,
X4,1,7,9,36,0.08315569618472798,25.93389558273915,9,
X4,1,8,9,36,0.0829382752876431,25.899969696638873,9,True
X4,2,1,9,36,0.5369202746374513,98.1866493597254,2,
X4,2,2,11,55,0.1772818250165174,56.41955351865777,4,
X4,2,3,11,55,0.08578871361227304,39.247555829087375,5,
X4,2,4,12,66,0.06560638776521321,34.321843074960995,6,
X4,2,5,10,45,0.05458300745147214,31.305905401548852,7,
X4,2,6,10,45,0.05127282250782463,30.34178668807767,7,
X4,2,7,10,45,0.049879497606358764,29.926682308161254,8,
X4,2,8,10,45,0.04963418540961174,29.85300044286097,8,True
X4,2*,1,9,36,5.147900099966718,90.32098952120593,2,
X4,2*,2,10,45,1.654134852380603,51.19871815549888,4,
X4,2*,3,10,45,1.1729423217166761,43.11336888536742,6,
X4,2*,4,12,66,0.8993343392071299,37.75150065392732,7,
X4,2*,5,10,45,0.698291455187685,33.265342213550326,8,
X4,2*,6,10,45,0.6878853692647084,33.01654828143669,8,
X4,2*,7,10,45,0.6886403787835729,33.03466247097219,8,True
X5,1,1,18,153,0.46278136303820117,62.33261665538089,2,
X5,1,2,24,276,0.2172499021568069,42.707802216976,4,
X5,1,3,24,276,0.14339326159429316,34.69698989878199,5,
X5,1,4,25,300,0.11096261665052984,30.52219571146794,7,
X5,1,5,25,300,0.10520789665337112,29.720191066964496,7,
X5,1,6,23,253,0.10089412814515018,29.104515495332347,9,
X5,1,7,24,276,0.07714935525009452,25.45033940875625,9,
X5,1,8,22,231,0.06489832289227448,23.34232787235145,12,
X5,1,9,22,231,0.06250747768102799,22.90832919203249,13,
X5,1,10,20,190,0.06024507718832313,22.48993553703239,13,
X5,1,11,20,190,0.060423862955118215,22.523281843846682,14,True
X5,2,1,18,153,0.6633662618241256,114.91607951320277,2,
X5,2,2,22,231,0.37097494460534897,85.93625040497557,4,
X5,2,3,24,276,0.19722124548539632,62.658639337217416,5,
X5,2,4,27,351,0.14484938481366433,53.698535153106654,7,
X5,2,5,26,325,0.11963968254309608,48.80246258482744,8,
X5,2,6,26,325,0.07897046590624258,39.64938554026426,9,
X5,2,7,24,276,0.06341391153927092,35.53009612072826,11,
X5,2,8,23,253,0.05599397382411814,33.38679697089989,12,
X5,2,9,23,253,0.05461588092455208,32.97338873466393,11,
X5,2,10,20,190,0.05460406242148706,32.96982093374777,14,True
X5,2*,1,18,153,5.674269577156149,100.09634904913844,2,
X5,2*,2,20,190,2.2482778294347066,63.006919047675844,4,
X5,2*,3,24,276,1.214967487912066,46.31755043187817,6,
X5,2*,4,28,378,1.0592222175068815,43.24708059369924,7,
X5,2*,5,25,300,0.5756887374899802,31.88284893260996,8,
X5,2*,6,24,276,0.4625339201747526,28.57821166565738,9,
X5,2*,7,23,253,0.38736785563605397,26.15321261949895,11,
X5,2*,8,24,276,0.35738084915013535,25.120535492974213,12,
X5,2*,9,21,210,0.34535586692811365,24.69429738545772,14,
X5,2*,10,21,210,0.34162019471208377,24.5603766509328,15,
X5,2*,11,21,210,0.3152067297764267,23.591795524180064,15,
X5,2*,12,20,190,0.3155098212224163,23.603135309566184,15,True
