indicator,mean,std,cv,skew,kurtosis,loglik_normal,loglik_uniform,p_normal,p_uniform,law,confirmed,decision
x1,54.186303333333335,13.19920404702294,0.2435893064309352,0.27790489760196135,-1.2206502045680558,-479.3893124010833,-462.1417332011414,9.129777530450272e-06,0.0016030704982908928,рівномірний,False,залишено
x2,49.232875833333324,23.214209164860975,0.47151844721497455,0.14735338174106843,-1.1465326831495681,-547.142275627773,-524.657457171388,0.0003973143656207001,0.7791861127262049,рівномірний,True,"представник кластера {x2, x7}"
x3,25.148000000000003,5.70936374432756,0.2270305290411786,0.041085696029187595,-0.8431595369020708,-378.823439701779,-390.71608197975445,0.07043870790892327,0.010629159923096543,нормальний,True,залишено
x4,15.151364166666667,6.0091010677264,0.39660462263500695,0.0339076254595216,-1.3039522762323805,-384.96354875660876,-357.72782838127046,3.8071266574924246e-05,0.6695650886998966,рівномірний,True,"представник кластера {x4, x10}"
x5,60.60594833333333,13.896204588043826,0.2292878004583735,0.22371123950077815,-0.9599939718756856,-485.5644192001104,-483.4439581780124,0.003664150850498549,0.00409569110940966,рівномірний,False,залишено
x6,10.0,0.0,0.0,,,,,,,,,видалено: сталий
x7,39.35389166666667,18.615846572784235,0.47303699289674406,0.11296671338390628,-1.0808276442980498,-520.6521111180027,-505.66117949911876,0.002078393270015661,0.5767603676393371,рівномірний,True,видалено: дублює x2
x8,25.027265833333335,14.976031601394466,0.5983886414571175,-0.005545942880325501,-1.2881937035025697,-494.5446525885927,-468.99287839573395,6.691486741342667e-05,0.891278931800825,рівномірний,True,залишено
x9,3.5,0.0,0.0,,,,,,,,,видалено: сталий
x10,22.82829,8.960359800571487,0.3925112130856708,0.005831786869335836,-1.2666245886969663,-432.9077749036551,-412.7655261468587,0.00011712618391124386,0.3885675279402535,рівномірний,True,видалено: дублює x4
x11,14.940490833333333,2.7582442823912166,0.18461537262466443,0.5977453635605502,3.1126494617924534,-291.5218507336575,-357.6066030202426,0.0014005478080373597,7.623321905484214e-19,нормальний,False,залишено
x12,49.99819583333333,0.028556067202778913,0.0005711419527610405,-0.03539053431143416,-1.2177345074664536,256.9357734728636,278.6121494892955,0.000288830477087315,0.9412077694429788,рівномірний,True,видалено: квазісталий (V = 5.71e-04)
