year,E,W
1993,168.1637,0.0
1994,155.3957,0.1324
1995,167.0217,0.1665
1996,155.4678,0.1136
1997,145.0506,0.1687
1998,138.3883,-0.323
1999,130.9017,-0.0406
2000,143.6723,-0.1683
2001,146.7575,-0.3513
2002,163.2413,-0.1693
2003,143.242,0.0035
2004,130.0506,-0.0646
2005,122.7256,-0.2002
2006,120.9095,-0.1162
2007,124.9794,-0.0776
2008,133.2551,0.1643
2009,136.4771,0.2107
2010,125.9846,0.1555
2011,119.8922,0.26
2012,107.6515,0.1252
2013,108.2787,-0.0638
2014,119.9833,0.0493
2015,121.5987,0.117
2016,117.1284,0.038
2017,110.8075,-0.0946
2018,102.8233,-0.0224
2019,100.7911,-0.3875
2020,91.7032,-0.129
2021,97.4258,-0.0037
2022,108.0276,-0.248
2023,100.2034,-0.1396
2024,94.972,-0.2284
