year,quarter,x1,x2,x3,x4,x5,x6,y
1993,1,-1.0156,43.975,8.5136,41.7912,3.0,4.0619,0.8135
1993,2,13.8525,174.8406,12.7526,45.3845,3.0,14.8217,0.5474
1993,3,18.1371,212.1789,5.0982,42.9088,3.0,18.042,1.0589
1993,4,5.4786,152.6069,7.6191,42.775,3.0,8.1454,0.8725
1994,1,-3.0003,146.1022,12.6386,36.1829,3.0,1.1928,0.6281
1994,2,15.288,127.5271,11.548,38.8403,3.0,17.9656,0.4985
1994,3,19.8203,160.4853,5.1109,39.9113,3.0,21.5011,0.8234
1994,4,4.7145,126.6766,7.6728,39.2853,3.0,10.0474,0.8469
1995,1,0.0258,43.8149,10.5233,38.8654,3.0,4.4481,0.6401
1995,2,16.1068,197.0095,15.2304,39.7124,3.0,17.0499,0.4182
1995,3,20.4133,231.4366,6.2907,45.0921,3.0,21.4756,0.8509
1995,4,5.5448,171.0565,7.9664,41.3541,3.0,8.0621,0.9001
1996,1,-1.0251,95.8457,11.5635,38.2165,3.0,2.5675,0.6494
1996,2,15.2457,238.894,17.8242,37.7867,3.0,16.0219,0.3594
1996,3,20.3025,195.5241,5.4466,41.0938,3.0,21.3498,0.8353
1996,4,2.636,116.2565,7.0506,37.345,3.0,5.8595,0.8793
1997,1,-2.2735,130.5932,13.6104,34.5443,3.0,2.7185,0.5633
1997,2,16.8638,102.2854,13.6541,35.3882,3.0,18.442,0.4158
1997,3,21.0682,201.1805,5.9222,40.7484,3.0,21.6816,0.7602
1997,4,5.6992,113.4588,8.7036,38.1106,3.0,10.5847,0.6948
1998,1,-2.298,110.0114,8.5736,32.2377,3.0,2.3504,0.7493
1998,2,16.8004,145.1189,9.6406,33.4833,3.0,17.5118,0.4891
1998,3,18.1528,174.3905,3.5849,36.2766,3.0,19.9293,1.1803
1998,4,5.051,135.8549,4.6849,31.8151,3.0,8.9012,0.9618
1999,1,-0.9115,104.5704,11.5437,31.31,3.0,2.5666,0.5875
1999,2,14.0117,159.5713,12.3222,32.5053,3.0,15.7589,0.4197
1999,3,19.4941,105.8498,3.5199,31.9957,3.0,21.4662,1.019
1999,4,2.2037,134.3475,6.2596,31.0127,3.0,6.2984,0.8358
2000,1,-4.0179,96.9997,8.9685,34.6648,3.0,0.2,0.8279
2000,2,15.7361,130.6252,9.4009,35.7738,3.0,16.9229,0.5762
2000,3,20.0509,139.6825,3.2601,37.2475,3.0,22.8799,1.1256
2000,4,4.9457,145.4214,5.7347,40.0139,3.0,7.7786,1.1309
2001,1,-1.4714,123.6359,7.4513,38.3356,3.0,2.6521,0.9646
2001,2,13.6045,143.1091,8.9633,38.4991,3.0,16.1665,0.63
2001,3,20.7488,170.8539,3.3949,39.2894,3.0,21.5561,1.2252
2001,4,6.4914,137.0371,4.5409,38.0078,3.0,11.0383,1.1679
2002,1,-1.76,100.9081,10.1164,35.579,3.0,2.7967,0.7365
2002,2,13.8026,209.6693,13.0983,39.69,3.0,15.8955,0.4472
2002,3,19.1248,224.8071,4.1691,46.3572,3.0,20.1908,1.2402
2002,4,4.9171,62.7556,4.2843,41.1977,3.0,7.2587,1.3846
2003,1,-1.124,85.5176,9.091,33.2021,3.0,3.7332,0.6956
2003,2,16.1152,210.8182,15.0068,33.7878,3.0,16.6567,0.3835
2003,3,21.0454,178.0705,4.8335,36.4173,3.0,22.1289,0.7983
2003,4,4.4767,91.2326,5.1204,34.9475,3.0,6.9191,1.0537
2004,1,-0.6876,101.7876,12.8941,32.6578,3.0,2.909,0.5627
2004,2,15.4038,144.4296,12.5138,31.2523,3.0,14.6466,0.4364
2004,3,19.1376,214.5811,4.5779,31.8159,3.0,21.5057,0.7405
2004,4,5.2044,173.4918,7.0064,32.3817,3.0,8.5057,0.7886
2005,1,-2.5689,123.3192,9.9621,32.8895,3.0,1.5473,0.6648
2005,2,15.9364,153.0853,10.5077,30.8848,3.0,18.4806,0.4295
2005,3,19.86,93.4366,2.7263,34.3598,3.0,20.3358,1.2809
2005,4,3.3967,147.395,5.6859,28.8607,3.0,7.4212,0.8544
2006,1,-0.4998,85.7556,10.6226,29.613,3.0,3.4817,0.5687
2006,2,14.7017,190.7638,12.2375,31.8568,3.0,16.961,0.4359
2006,3,21.0783,168.1118,3.4193,31.9058,3.0,22.5478,0.9686
2006,4,5.7434,115.8514,5.3801,28.8031,3.0,9.9714,0.8348
2007,1,-2.0802,65.0444,8.9184,32.1586,3.0,2.6013,0.7002
2007,2,16.9183,207.8553,14.7957,32.4772,3.0,19.3051,0.3663
2007,3,21.0675,146.5992,4.3763,32.8702,3.0,23.5267,0.7199
2007,4,5.977,159.4438,6.3921,31.9517,3.0,9.6791,0.8084
2008,1,-2.1016,100.7419,13.8862,34.0237,3.0,2.2929,0.543
2008,2,15.3606,196.13,15.4602,31.1,3.0,17.156,0.3444
2008,3,19.3368,172.5889,5.555,32.7891,3.0,21.0775,0.6392
2008,4,5.809,82.668,6.0018,34.3835,3.0,8.6126,0.8772
2009,1,-1.9382,118.951,14.0988,32.7064,3.0,3.1963,0.4978
2009,2,14.5265,149.3271,16.8122,35.8106,3.0,17.3772,0.3661
2009,3,19.9362,195.5832,5.8121,36.9578,3.0,21.5252,0.7007
2009,4,5.0318,126.4225,9.1194,38.534,3.0,8.1971,0.716
2010,1,-4.2861,111.346,13.0899,28.6144,3.0,0.9853,0.4848
2010,2,14.9007,169.1657,13.9154,32.8454,3.0,17.51,0.3724
2010,3,18.3498,188.0678,5.5362,30.772,3.0,19.3612,0.6794
2010,4,4.994,154.8247,8.4358,34.2827,3.0,9.3444,0.6934
2011,1,0.1202,144.7146,17.0057,27.0106,3.0,4.7897,0.3863
2011,2,17.3245,167.8042,17.7337,30.4671,3.0,20.0708,0.3125
2011,3,19.8696,179.2728,5.7936,31.4245,3.0,20.8832,0.6529
2011,4,7.7203,117.8293,8.1521,29.6741,3.0,11.1003,0.5702
2012,1,-2.1405,103.8153,12.9775,25.7766,3.0,1.7803,0.4583
2012,2,15.9253,208.266,17.2147,27.166,3.0,17.8916,0.3005
2012,3,19.8548,161.9622,5.0976,27.9446,3.0,19.9035,0.6955
2012,4,7.4601,122.1041,7.4277,27.2724,3.0,10.9688,0.5688
2013,1,0.8969,90.9644,10.948,26.0917,3.0,4.4507,0.5044
2013,2,16.4663,139.1017,10.9514,26.4171,3.0,16.624,0.417
2013,3,21.0526,169.3605,4.625,26.8062,3.0,21.8359,0.7097
2013,4,6.5736,63.2365,3.8235,25.6649,3.0,10.4366,0.9702
2014,1,-1.4431,123.2481,11.3722,29.1025,3.0,3.4071,0.5547
2014,2,15.8547,146.9386,13.4806,29.3545,3.0,18.5205,0.3913
2014,3,19.3781,104.7649,3.7572,31.7835,3.0,21.3115,0.9552
2014,4,4.3209,106.2029,7.0367,28.3575,3.0,8.5449,0.6777
2015,1,-0.1237,126.1849,14.0212,30.3809,3.0,3.1034,0.4929
2015,2,15.3982,174.2522,16.5826,29.9876,3.0,16.5189,0.3317
2015,3,19.9759,192.5783,5.0714,33.4482,3.0,21.2119,0.7407
2015,4,3.6489,137.348,7.8944,27.7157,3.0,8.0551,0.6608
2016,1,-0.6399,119.7534,14.4865,29.8423,3.0,2.7378,0.4745
2016,2,15.216,160.4737,11.0254,30.3904,3.0,16.4242,0.4406
2016,3,20.243,196.1329,4.9371,29.2422,3.0,21.6325,0.717
2016,4,5.0042,171.0984,7.7994,28.5021,3.0,9.4737,0.6015
2017,1,0.2783,90.0544,9.9188,24.9528,3.0,3.5664,0.5575
2017,2,15.7046,166.1488,11.4567,28.3203,3.0,16.2311,0.3954
2017,3,20.2549,144.9716,3.5905,28.7069,3.0,21.1066,0.8684
2017,4,7.6249,160.3323,7.1459,27.6629,3.0,10.0774,0.6041
2018,1,-1.4526,42.4213,8.5084,25.6206,3.0,4.0625,0.6283
2018,2,14.3799,179.7786,12.4752,26.7636,3.0,16.1338,0.386
2018,3,23.8448,197.6757,5.762,26.9712,3.0,24.0043,0.5659
2018,4,7.7417,113.3496,6.0834,23.862,3.0,10.4204,0.6629
2019,1,-1.0723,87.9234,6.338,24.6353,3.0,3.7266,0.7627
2019,2,15.8719,126.778,9.0584,25.1265,3.0,17.3753,0.4422
2019,3,17.7279,168.066,3.0036,26.6935,3.0,20.1464,1.0008
2019,4,3.1583,119.8277,4.3501,25.3832,3.0,5.6595,0.9227
2020,1,-0.2063,115.3061,9.9553,20.11,3.0,5.2439,0.4026
2020,2,15.1067,227.7345,13.6203,23.1918,3.0,15.8974,0.3432
2020,3,18.8996,177.6326,4.0909,22.5902,3.0,20.7742,0.6209
2020,4,4.6915,129.1389,5.5136,23.462,3.0,8.727,0.7023
2021,1,-1.5839,89.4907,10.1597,24.3288,3.0,2.4796,0.5382
2021,2,15.5015,139.666,12.8629,23.0923,3.0,17.1812,0.3472
2021,3,19.199,168.3443,3.93,24.6855,3.0,19.1234,0.7448
2021,4,4.9202,133.9591,7.4389,24.7011,3.0,8.7087,0.5866
2022,1,-1.1579,79.9805,6.8945,26.0156,3.0,4.3191,0.7309
2022,2,14.9658,214.4822,11.3673,26.1712,3.0,15.7508,0.3839
2022,3,20.3397,229.9706,4.1348,26.6385,3.0,20.8044,0.7342
2022,4,3.4347,133.7989,5.426,27.4401,3.0,7.4001,0.7986
2023,1,-3.0082,143.5672,11.7226,22.1967,3.0,1.6082,0.4592
2023,2,16.4084,171.2576,11.0666,25.2954,3.0,18.0727,0.3769
2023,3,18.2919,80.144,2.8057,23.9234,3.0,19.7501,0.9859
2023,4,6.0421,118.9142,5.499,26.513,3.0,8.5527,0.8179
2024,1,0.1599,112.8505,10.0665,21.9752,3.0,4.8899,0.4577
2024,2,14.7429,133.2087,9.746,22.6274,3.0,16.5732,0.378
2024,3,22.1261,225.0852,4.3018,26.7217,3.0,23.2557,0.7366
2024,4,5.8696,82.8873,5.0598,23.593,3.0,8.1605,0.7543
