obs,x1,x2,x3,x4,x5,x6,y,abs_dy
29,37.6999,62.0133,53.7184,82.6683,42.9812,17.3372,609.6491,0.8539
33,58.3392,65.1036,38.6849,52.3007,38.2891,37.7743,612.0507,3.2554
41,52.0442,39.4144,56.7298,42.9802,49.1162,78.413,613.2623,4.4671
53,43.3618,70.66,48.7598,40.4556,40.3017,63.9716,614.2934,5.4982
73,72.5454,33.7078,51.622,34.3935,26.8401,78.9989,602.1167,6.6786
45,55.9395,35.5026,75.3788,47.416,31.5165,51.2124,601.4107,7.3845
19,48.6952,19.428,50.6215,80.5417,46.5116,88.0997,616.3605,7.5653
32,63.5146,37.5028,42.7812,69.2892,50.949,25.1025,601.1301,7.6651
98,52.5065,71.723,43.2179,27.1343,37.057,74.4576,617.0391,8.2439
37,44.8099,38.2439,65.3415,72.6507,57.3078,18.1682,599.2572,9.5381
62,39.9704,19.6375,71.9033,86.9921,43.4282,52.5202,597.5639,11.2313
67,44.0669,86.6274,31.7079,62.5699,53.998,12.2675,620.5285,11.7332
47,71.8349,29.0996,56.5315,51.262,54.7263,38.4602,621.8297,13.0345
20,36.2557,63.0547,50.6474,41.8975,63.0711,70.2814,622.0587,13.2635
48,41.8414,63.4384,38.776,62.6117,57.2469,28.7992,594.8026,13.9926
21,45.2272,75.5724,43.388,64.5904,45.2734,23.3214,623.547,14.7518
68,52.5711,84.905,56.5925,12.4151,40.1462,23.0532,593.3909,15.4043
66,62.9327,55.4052,32.3437,28.9033,69.2851,64.3209,625.137,16.3418
30,51.7498,67.3916,48.1243,21.7637,55.0576,70.9711,626.9034,18.1082
89,41.463,49.8935,73.6053,30.317,58.6129,42.5279,589.8569,18.9383
31,38.3047,77.3782,42.7109,61.8667,39.2684,53.3173,628.0248,19.2296
12,55.1471,28.5359,57.864,51.4346,54.7252,85.5694,629.8621,21.0669
97,46.1764,69.5554,54.9732,69.2105,41.4419,17.4604,630.0583,21.2631
78,43.4789,32.0385,54.6897,70.5705,51.4929,88.4415,630.3085,21.5132
16,43.8598,38.4049,53.6914,81.4365,44.6207,68.4231,630.5989,21.8037
35,41.1447,42.7489,47.8595,26.1145,79.6437,78.7077,586.9459,21.8493
79,62.8691,60.2647,48.622,39.5653,60.73,26.7543,630.9308,22.1355
57,47.0957,72.5093,47.3078,26.9766,42.2573,86.3818,632.7778,23.9826
80,48.2262,69.1409,45.0346,57.9081,62.5625,22.9908,633.2671,24.4719
36,56.8456,18.1349,66.2296,22.8629,64.7084,80.5522,583.2115,25.5837
56,49.7835,29.2501,48.9232,89.5125,48.1951,67.3036,634.5015,25.7063
52,58.2711,24.6928,36.6944,85.3733,43.6351,88.1269,634.8109,26.0157
100,39.5316,16.2698,48.7963,82.5226,54.3039,78.8488,581.4771,27.3182
38,45.4261,87.0788,64.779,21.9684,40.9713,45.3724,638.9804,30.1852
55,45.5731,45.0516,59.3593,17.4948,51.0982,84.7111,577.858,30.9372
94,37.1844,71.9506,43.4876,35.3183,42.5725,57.8765,575.2882,33.507
87,43.3594,56.1664,52.5492,58.4215,51.6986,70.5789,642.9938,34.1986
22,56.5662,47.8404,43.8071,66.9208,54.9142,53.2097,643.5942,34.799
25,56.4184,65.9132,34.6252,47.2281,57.5105,57.6145,643.7023,34.9071
72,43.0124,74.9146,37.3107,44.7346,51.9277,20.2961,573.7144,35.0808
6,47.0795,63.4874,54.1146,17.8012,34.6984,67.2908,573.025,35.7702
14,49.1452,62.7656,51.054,35.2148,42.2334,32.6364,572.3582,36.4371
77,48.4701,88.3701,46.6074,22.3326,51.4107,57.4263,645.7769,36.9817
70,51.6965,78.2651,43.1289,47.8884,48.2785,42.6123,646.7617,37.9665
96,70.3317,26.5138,40.7642,15.9861,55.0022,82.5705,569.1711,39.6242
17,45.9625,35.4943,58.6397,75.3315,49.0378,79.747,648.7525,39.9573
9,47.3234,12.6175,52.5611,76.1371,56.3719,56.9335,568.561,40.2342
84,54.655,22.9175,61.4104,32.6827,39.2343,84.1573,562.7487,46.0465
58,52.8383,39.2228,50.0621,39.9079,40.1413,60.6642,561.5394,47.2558
88,48.0402,61.3534,35.882,27.4405,53.142,50.5668,559.0542,49.741
8,53.0384,32.3993,51.5777,77.3189,51.1653,84.1261,660.1421,51.3469
86,37.662,46.9507,50.3573,59.4505,35.7656,52.5245,554.766,54.0293
49,75.5946,20.2125,38.7964,23.3531,47.973,69.9086,552.7932,56.002
85,53.7316,53.9577,64.7729,76.4846,55.8834,15.3247,665.522,56.7268
34,61.3772,58.352,48.0383,52.3377,57.1837,50.7355,666.9542,58.159
95,51.1726,62.1678,52.8326,67.6196,38.8998,60.7583,667.5775,58.7823
4,63.9577,62.4637,51.3874,41.9677,51.998,53.7365,668.83,60.0348
93,31.9475,38.4977,54.5097,63.0146,64.8606,29.0882,546.7291,62.0661
74,44.1703,67.4267,50.3189,29.8919,36.2306,30.7148,546.7246,62.0706
28,63.4821,27.2632,44.5871,82.0212,59.8099,71.5783,671.0257,62.2305
83,50.5734,35.7212,39.7158,64.555,40.4262,40.5965,546.0088,62.7864
39,55.0654,27.3219,70.7924,68.2558,53.8026,77.4823,671.6287,62.8335
51,66.1841,43.8357,49.2437,72.6012,51.7597,48.7481,673.4484,64.6532
11,57.2007,54.3816,44.8531,66.5268,53.7182,64.0408,674.4367,65.6415
5,56.3829,37.0522,51.6626,52.0623,40.6021,19.2215,542.7858,66.0094
82,42.8092,63.0369,59.6075,61.0837,54.3805,71.9786,683.1306,74.3354
23,47.6772,54.6638,34.4885,42.1348,56.8132,18.9227,532.4377,76.3576
65,40.8707,36.8108,50.9451,38.7637,44.0724,66.6695,532.4158,76.3794
2,52.4057,60.2678,53.7054,78.5841,47.1517,49.658,687.0658,78.2706
18,55.4826,35.0933,39.2502,34.7971,70.2324,23.3985,528.7431,80.0521
46,57.1973,56.8712,59.7937,32.9159,69.1447,81.5262,694.1542,85.359
10,47.7409,16.7128,59.2941,40.6631,66.5126,38.2009,522.3964,86.3988
15,51.6092,80.4949,45.2489,47.9229,40.4071,84.8549,695.2602,86.465
60,44.4442,87.2295,38.3687,76.8113,62.2249,32.7381,699.0271,90.2319
43,41.7418,31.3759,54.7622,62.8298,33.0566,27.8429,509.2796,99.5156
59,62.8808,13.4473,51.7298,17.4803,50.0632,56.9932,500.6713,108.1239
90,56.7733,82.4121,59.7889,41.6302,38.4957,74.9213,718.511,109.7158
54,59.9449,54.3426,53.6001,79.8505,50.5541,63.7479,718.9508,110.1556
13,49.3587,51.2866,56.3638,69.8123,66.8814,88.2509,720.9056,112.1104
91,55.8802,24.2331,51.7228,12.7098,53.8082,50.7283,496.1328,112.6624
81,65.2742,16.3703,47.5521,40.3948,43.2347,21.6269,495.3678,113.4274
99,39.3689,71.6193,58.9552,79.5641,59.1007,64.6792,724.5468,115.7516
64,35.689,26.6284,35.518,81.3457,48.4126,23.463,491.8709,116.9244
40,58.7672,19.091,37.8293,16.1655,61.8456,58.1891,491.3809,117.4143
44,64.4432,83.1565,71.2667,33.4333,41.4458,50.2282,726.3766,117.5814
1,42.0688,78.5663,35.4068,80.8094,57.9343,89.0205,732.6187,123.8235
63,40.3172,47.265,58.142,21.5693,48.3764,14.7245,484.4569,124.3383
7,46.8805,20.2676,50.3607,16.8285,38.8943,82.9659,480.2235,128.5717
76,54.5505,78.0441,65.2339,57.8637,60.6761,45.9496,739.5382,130.743
24,48.5127,86.6784,38.9687,76.1675,55.3295,67.967,741.8277,133.0325
75,61.1998,67.5035,56.897,84.4235,51.2292,39.9523,742.9008,134.1056
92,30.4292,33.1033,50.5744,14.3785,48.7457,82.5229,473.2219,135.5733
69,37.8311,15.9117,50.7765,52.0376,31.1787,59.4259,466.5722,142.223
3,31.0367,35.707,50.7606,25.4536,45.2584,57.3135,466.3793,142.4159
26,68.2461,69.6028,43.8343,86.8551,43.1096,56.263,754.933,146.1378
42,43.7201,18.0785,57.6105,11.9209,51.2928,57.7808,459.3114,149.4838
27,42.8681,81.1599,44.4001,84.9359,64.5615,77.7783,763.3651,154.5699
61,40.146,12.4372,58.3331,48.8746,33.9569,28.4637,441.2631,167.5321
50,81.5091,73.1848,57.0022,72.1639,35.3933,43.5665,776.7584,167.9632
71,32.5922,23.4259,29.1255,13.8804,64.7947,57.1173,405.3098,203.4854
