obs,x1,x2,x3,x4,x5,x6,x7,x8,x9,x10,x11,x12,y
1,66.5488,40.8322,23.1032,14.8714,84.9068,10.0000,29.8642,8.8576,3.5000,21.5489,15.7592,50.0002,313.8419
2,67.4124,31.9922,27.2189,24.8118,75.5776,10.0000,30.2507,35.1834,3.5000,37.4434,19.7970,50.0015,311.1832
3,40.0124,23.6998,17.9369,20.8960,55.0782,10.0000,17.5943,26.7468,3.5000,31.9872,17.4173,49.9956,211.3619
4,71.2850,30.6935,26.9885,22.3929,82.4292,10.0000,21.2571,38.3476,3.5000,33.7006,14.3588,50.0254,317.6465
5,47.1584,37.4719,21.6991,10.5521,60.0042,10.0000,34.6376,48.4664,3.5000,16.3618,15.2069,50.0432,240.1550
6,64.7839,12.5782,27.6726,20.2132,76.9591,10.0000,10.6931,49.8131,3.5000,29.0697,13.5672,50.0411,269.5706
7,43.4434,42.9746,19.5068,9.1166,65.1998,10.0000,34.3907,48.6757,3.5000,14.9075,15.0535,49.9716,243.5471
8,39.0668,45.3367,20.1271,19.1311,59.2012,10.0000,39.0893,35.6009,3.5000,28.0895,16.1378,49.9903,247.0816
9,74.1257,13.5756,22.7297,16.6567,73.0447,10.0000,6.7393,38.3632,3.5000,24.3948,12.6842,49.9547,276.8664
10,73.2143,63.0415,25.4764,13.1746,92.6058,10.0000,49.1083,45.7105,3.5000,20.2430,13.7285,49.9629,363.4294
11,36.0116,25.6987,20.0745,10.2913,57.1049,10.0000,21.4893,4.4175,3.5000,15.5834,15.8844,50.0310,197.5043
12,70.3300,36.9055,28.3351,11.6338,74.3951,10.0000,30.2886,12.7965,3.5000,18.5834,14.7947,49.9787,306.7677
13,35.6184,80.1143,19.3000,17.0968,59.7263,10.0000,63.1233,39.9142,3.5000,26.5714,16.8090,49.9779,288.6992
14,38.0108,81.3140,16.1049,5.6246,58.1899,10.0000,65.6035,22.9697,3.5000,9.2884,16.3294,49.9918,277.4133
15,67.0154,56.8884,24.1722,23.1006,87.4165,10.0000,46.5760,7.6718,3.5000,34.4953,12.7327,50.0171,350.5684
16,71.2733,60.7234,26.2354,6.1228,72.6761,10.0000,48.5456,40.6007,3.5000,10.5648,12.9120,50.0334,334.5754
17,69.0490,19.3342,20.6982,18.0237,73.4309,10.0000,14.0862,31.3854,3.5000,27.5048,13.9549,50.0219,276.4297
18,49.0195,56.5358,31.0400,24.7773,49.7721,10.0000,43.1006,5.8449,3.5000,37.4581,11.3224,50.0414,290.5327
19,52.2170,42.9126,32.0280,19.0426,51.6945,10.0000,36.0652,40.0145,3.5000,29.2053,14.7160,50.0373,274.7094
20,47.0215,75.5571,13.9874,13.8544,55.6626,10.0000,59.5205,22.8742,3.5000,21.5086,14.2035,49.9540,291.1639
21,37.2755,36.0165,17.1026,16.8408,61.8194,10.0000,26.7485,46.5704,3.5000,27.2573,14.2507,50.0232,223.0202
22,41.3483,44.2732,20.2327,12.1786,69.1274,10.0000,35.5065,16.6747,3.5000,19.6345,15.5849,49.9505,251.0212
23,51.6900,26.2503,34.5871,12.9983,45.1210,10.0000,20.3464,44.1737,3.5000,19.0928,8.0726,50.0083,240.3552
24,51.3156,48.8355,32.1360,15.5246,46.0687,10.0000,41.0924,5.0860,3.5000,24.7167,10.6011,49.9511,268.4673
25,44.7613,37.0430,23.6558,19.2054,51.5648,10.0000,28.0755,10.0807,3.5000,27.7925,13.5476,50.0223,240.7544
26,41.6764,52.5051,14.6125,10.4661,63.2044,10.0000,39.8943,47.1257,3.5000,14.8349,11.2480,49.9528,246.9435
27,52.9102,31.8605,37.9988,10.4861,51.7914,10.0000,25.1372,1.8698,3.5000,14.3721,13.6306,50.0231,258.4631
28,57.3199,82.9070,31.7252,7.2562,40.2083,10.0000,67.3822,46.7000,3.5000,11.2790,16.4726,50.0064,324.0610
29,71.2579,89.0178,25.9684,8.2081,84.6742,10.0000,70.7903,22.0320,3.5000,11.8038,15.4849,50.0143,391.8072
30,70.5710,49.3862,28.4980,17.2238,72.4945,10.0000,40.6804,17.5916,3.5000,25.8538,17.5386,49.9846,333.4450
31,42.6794,33.8287,12.0541,18.2867,61.7077,10.0000,26.4935,43.7424,3.5000,28.6137,12.1549,49.9875,223.1788
32,75.1234,52.7334,23.7136,9.4904,76.2949,10.0000,42.5921,38.0679,3.5000,15.6411,14.7521,49.9696,335.4518
33,42.4108,87.2684,20.8900,11.5621,61.2871,10.0000,71.4359,4.9648,3.5000,18.0876,12.9666,49.9602,309.8743
34,73.4446,32.3880,28.8717,5.4161,75.5046,10.0000,26.5621,26.4201,3.5000,6.5759,16.2029,49.9854,304.9725
35,59.2081,17.6403,29.7055,17.9693,44.0682,10.0000,12.7001,7.4998,3.5000,26.9705,19.2965,50.0085,244.0111
36,66.8565,18.6585,24.0468,24.9359,81.2885,10.0000,13.6645,44.5147,3.5000,37.0818,13.7251,50.0128,288.6289
37,56.9770,60.4973,32.0482,9.1379,48.6480,10.0000,48.1363,29.4998,3.5000,13.7650,13.8917,49.9893,297.6649
38,69.8492,72.9461,23.7076,22.9132,79.4510,10.0000,60.0523,2.3494,3.5000,33.7880,11.9786,50.0339,372.6677
39,47.4391,32.1141,30.1056,17.9528,44.9576,10.0000,27.3651,14.2637,3.5000,27.8486,15.9611,50.0197,239.6252
40,53.4647,79.5261,32.2825,22.4524,49.1246,10.0000,62.6502,46.0658,3.5000,34.0202,13.8670,50.0265,334.5244
41,53.4879,43.9897,36.0644,6.1292,48.5870,10.0000,36.3077,13.4114,3.5000,9.6683,14.2140,49.9560,267.3016
42,40.7593,14.3701,19.4319,13.0210,63.6671,10.0000,11.9250,3.3901,3.5000,19.6444,12.1251,50.0078,197.6754
43,73.2200,36.9043,29.4131,23.5752,74.7200,10.0000,33.6842,16.1421,3.5000,33.9321,13.4403,50.0382,329.6676
44,50.9823,75.1751,29.5293,20.0165,43.5056,10.0000,61.6204,3.2439,3.5000,29.0297,12.1861,49.9514,316.6250
45,71.6350,83.8667,28.1881,17.7661,84.8176,10.0000,66.3987,41.2315,3.5000,27.4900,13.4990,50.0252,392.1548
46,42.1102,48.7917,18.2670,15.4300,60.9001,10.0000,36.6500,16.9345,3.5000,22.9541,17.6821,50.0186,253.5403
47,57.6483,73.5156,31.5912,5.2294,45.9647,10.0000,56.5489,33.5143,3.5000,8.3954,17.1301,50.0028,317.8036
48,70.0138,83.6987,23.9324,9.5968,82.9755,10.0000,65.9510,41.1618,3.5000,13.6814,17.7562,49.9779,382.4399
49,49.7641,56.2368,32.3397,23.7388,39.6610,10.0000,42.9433,20.2351,3.5000,34.3054,16.8515,49.9757,287.8296
50,59.8586,35.9047,32.4586,23.2791,47.0989,10.0000,32.6129,2.3137,3.5000,34.0402,16.8675,50.0007,283.9968
51,53.6782,57.8783,29.6238,23.2370,48.0955,10.0000,47.2504,21.9341,3.5000,35.4026,17.0477,49.9813,299.1672
52,58.9013,42.5202,28.3574,8.4505,41.5281,10.0000,35.9773,30.9796,3.5000,13.4645,16.0543,50.0163,267.3603
53,63.4167,10.7217,25.5464,19.7919,77.7595,10.0000,10.1348,40.6862,3.5000,30.9690,14.6283,50.0004,261.7542
54,41.2985,65.5318,19.5564,6.6880,65.9068,10.0000,49.4934,48.9187,3.5000,9.6504,17.2184,49.9860,272.5646
55,57.3044,89.6990,31.3239,9.6816,39.8412,10.0000,74.3552,1.1189,3.5000,13.9274,10.0902,50.0220,331.6239
56,71.8989,68.8740,26.4316,24.3073,76.6781,10.0000,57.3464,26.8994,3.5000,35.3692,11.5798,50.0102,369.2971
57,39.2635,64.5398,17.7813,9.3943,62.2407,10.0000,52.9341,12.0463,3.5000,16.1255,15.1655,50.0147,258.8200
58,72.9299,73.3049,31.2425,23.1576,77.6368,10.0000,57.7632,0.9507,3.5000,35.7015,16.0826,49.9620,385.3748
59,66.3734,20.6518,27.7494,21.7434,78.9110,10.0000,13.1300,14.1143,3.5000,32.6274,18.1727,49.9908,290.9573
60,38.0275,88.1687,15.8590,5.3240,54.9482,10.0000,71.7021,4.7149,3.5000,6.2821,27.7615,49.9801,291.3003
61,60.3126,82.7317,35.7756,10.8531,48.8615,10.0000,63.5500,21.1740,3.5000,15.3299,19.1828,50.0060,347.3478
62,75.9290,62.1079,26.1492,16.2826,75.1779,10.0000,48.8674,19.4476,3.5000,25.9092,15.0978,50.0002,360.6434
63,60.5666,31.4982,31.3012,22.5204,37.3048,10.0000,28.6580,45.6920,3.5000,32.4360,13.6961,50.0443,265.9120
64,38.1918,67.3695,17.4017,11.3698,62.8004,10.0000,54.3922,0.0566,3.5000,17.0758,14.5550,50.0087,269.2789
65,38.2927,56.1253,16.1598,9.7256,59.0333,10.0000,48.3947,17.9293,3.5000,14.7314,14.3545,49.9777,244.5473
66,79.8598,23.2873,22.5777,19.8320,80.5618,10.0000,21.6446,9.5366,3.5000,29.0286,18.5322,50.0214,314.2484
67,55.1154,16.2209,31.5735,5.2271,46.3536,10.0000,14.2628,5.3157,3.5000,7.6899,14.9954,49.9934,223.4462
68,50.3132,42.8162,28.2761,17.6983,56.1276,10.0000,35.2914,29.7146,3.5000,28.1576,13.8635,50.0401,270.5985
69,36.8310,19.7709,19.4326,13.5416,57.4067,10.0000,14.4892,8.5104,3.5000,20.7417,14.0973,49.9779,192.4772
70,48.7784,85.3591,32.7188,23.4966,42.5941,10.0000,67.7094,38.7275,3.5000,35.1770,15.7102,49.9699,331.3075
71,52.0192,76.0286,24.1153,15.0616,49.6670,10.0000,61.4614,40.5029,3.5000,21.9253,11.1567,49.9742,311.0114
72,40.6251,49.1745,18.7456,7.3287,63.9305,10.0000,38.4993,42.4741,3.5000,10.6516,14.5406,49.9800,243.4386
73,57.3445,29.3477,26.7249,24.3459,38.1895,10.0000,24.1361,29.2206,3.5000,35.3410,17.8183,50.0306,250.8466
74,49.8347,79.6434,32.9677,11.4540,46.1039,10.0000,60.2217,31.8461,3.5000,16.6651,9.2855,49.9787,312.0270
75,56.3832,10.4856,30.3868,11.2030,41.2431,10.0000,8.3361,44.0245,3.5000,17.5890,15.4214,49.9663,216.0686
76,59.5150,68.6008,37.6064,16.6121,45.3793,10.0000,55.1301,32.8357,3.5000,24.6141,12.4686,49.9562,324.6885
77,82.2799,51.7145,25.1952,8.0102,72.4953,10.0000,43.2778,38.1122,3.5000,13.2724,16.8607,49.9874,349.3231
78,57.5282,21.0029,26.5661,18.1957,41.4309,10.0000,16.6110,18.5374,3.5000,26.5532,15.6945,50.0480,238.1902
79,37.1946,14.6939,23.4851,22.4599,59.3829,10.0000,9.4863,4.4383,3.5000,35.3215,10.5954,49.9530,199.6419
80,54.5936,29.9196,28.4625,14.2582,40.2294,10.0000,24.8238,30.3163,3.5000,20.3263,16.7063,50.0082,244.8050
81,74.9699,48.1606,28.2618,10.9146,72.6738,10.0000,34.9044,42.7312,3.5000,15.8982,15.3475,50.0486,332.5638
82,62.7478,54.1990,25.8582,7.3786,42.7866,10.0000,38.9278,45.0518,3.5000,12.6033,16.3335,50.0362,288.8070
83,67.6126,87.2761,22.7392,5.9151,78.3355,10.0000,70.6398,19.8397,3.5000,8.2942,14.3823,50.0148,372.0793
84,40.1907,89.3022,22.7029,10.6953,64.4757,10.0000,70.8387,48.0334,3.5000,17.1052,17.1923,49.9543,310.9964
85,74.4296,81.4591,22.7256,11.7189,69.3677,10.0000,62.5384,33.0676,3.5000,18.8627,13.2763,50.0100,372.9849
86,74.9743,31.6173,25.7823,5.7638,80.1766,10.0000,24.0271,20.3361,3.5000,8.9414,15.2050,49.9620,307.1629
87,38.2105,63.1133,18.6407,8.5129,59.1280,10.0000,50.6521,3.7358,3.5000,11.1818,10.8211,49.9612,248.8332
88,46.7374,14.3668,19.3147,7.0618,61.2030,10.0000,12.5205,17.6518,3.5000,10.7971,13.7609,50.0164,206.5896
89,45.5133,28.8418,19.4835,24.0177,59.8553,10.0000,20.2972,16.1311,3.5000,36.3356,13.0584,50.0397,233.4114
90,46.2849,44.9385,30.3461,12.5701,41.2273,10.0000,34.6143,24.9078,3.5000,18.2105,11.8443,49.9514,246.3460
91,36.8335,73.4732,22.9438,22.4610,60.3615,10.0000,59.1330,7.5781,3.5000,32.2478,9.1590,50.0267,285.0001
92,75.7130,21.1709,21.9751,19.9013,77.8779,10.0000,14.5830,0.0002,3.5000,30.7006,17.4590,50.0317,300.6235
93,54.0005,54.5384,32.0000,7.4934,45.0940,10.0000,47.6761,48.4204,3.5000,12.2883,8.1288,49.9716,276.3503
94,38.1805,65.4374,17.0099,10.8018,57.7249,10.0000,52.2537,29.8178,3.5000,16.2022,18.3894,50.0283,259.5769
95,42.1559,82.2481,18.9846,21.6990,58.9641,10.0000,64.2578,40.5134,3.5000,31.8027,17.0637,49.9878,309.1786
96,56.3733,26.7193,33.8422,10.9258,44.9953,10.0000,22.0134,44.0850,3.5000,17.1148,14.5401,49.9598,245.7703
97,40.5702,22.7197,19.9967,21.3099,52.7390,10.0000,18.8113,19.3920,3.5000,33.9454,18.3750,49.9592,209.8281
98,37.8820,63.6710,21.4927,8.0554,69.9578,10.0000,48.5252,27.4252,3.5000,13.0815,13.8751,50.0026,269.3224
99,56.0936,66.4800,33.0914,17.2273,45.8930,10.0000,51.1795,35.4457,3.5000,25.4518,15.7246,50.0391,312.6480
100,49.4042,70.2695,32.3409,9.2777,36.4180,10.0000,54.6742,5.8495,3.5000,14.4362,11.8110,50.0161,286.5663
101,69.8913,27.0224,26.1080,17.2384,71.0631,10.0000,23.6459,17.3941,3.5000,26.2639,14.8082,50.0342,291.8094
102,38.7592,44.0272,20.8360,22.9098,64.2842,10.0000,35.5522,32.0550,3.5000,33.9793,14.1075,49.9698,247.9257
103,44.5269,34.2976,22.0145,19.5507,65.4007,10.0000,25.4382,18.7924,3.5000,28.6621,14.8612,49.9555,245.6508
104,43.5762,72.8099,17.4996,23.7447,59.5985,10.0000,57.5973,35.0911,3.5000,35.3462,12.1729,49.9971,294.6436
105,35.2313,44.0848,17.7190,12.6222,65.6845,10.0000,34.8916,22.4764,3.5000,19.2982,12.8822,50.0247,227.9002
106,70.9104,56.0857,23.5833,20.5994,75.9611,10.0000,47.4554,19.8325,3.5000,30.9989,13.7941,49.9673,344.3121
107,38.1247,33.3613,24.6842,17.0159,61.6921,10.0000,26.3352,10.2073,3.5000,26.3223,18.0816,49.9713,229.9820
108,35.9734,48.9977,20.1647,24.1098,53.9223,10.0000,41.5633,25.3279,3.5000,37.4601,14.4788,50.0347,244.3138
109,37.0289,89.1700,20.0707,13.5290,58.2008,10.0000,73.2308,37.1691,3.5000,21.3753,14.7133,49.9672,301.9897
110,39.1641,44.3081,24.8539,17.3453,57.2560,10.0000,36.5895,42.5126,3.5000,24.6281,18.8915,50.0236,247.4562
111,44.5889,10.7138,20.7679,16.2293,56.9262,10.0000,8.1634,15.8484,3.5000,24.2420,17.1641,49.9700,196.8440
112,56.6698,26.2103,28.6122,23.8127,48.2400,10.0000,17.6433,34.8946,3.5000,36.6392,13.4087,49.9855,253.3861
113,40.1014,24.2946,18.9406,18.8539,54.9854,10.0000,18.6027,21.4447,3.5000,27.4040,19.8927,49.9789,212.7451
114,57.7721,40.1789,29.1943,10.3507,48.7343,10.0000,34.3673,5.7208,3.5000,14.8457,14.0538,50.0092,267.9912
115,56.3365,46.8324,28.9597,8.8384,52.2754,10.0000,36.0159,24.3816,3.5000,14.0394,17.5844,50.0389,278.4438
116,41.1358,24.7487,17.5848,9.6757,60.1746,10.0000,21.3110,11.0956,3.5000,14.3884,16.3011,50.0016,207.1942
117,44.5414,50.4239,19.8621,20.3192,69.0239,10.0000,42.7168,10.2155,3.5000,30.5653,21.5198,50.0039,275.6501
118,71.0214,18.9475,29.9264,12.2113,86.3323,10.0000,15.7150,12.5761,3.5000,18.4162,16.6020,49.9834,298.0633
119,74.1432,86.8676,25.9097,11.5342,85.6437,10.0000,70.4193,15.9422,3.5000,15.6612,17.6556,50.0408,395.0866
120,49.7050,78.4422,32.2493,23.0485,44.8610,10.0000,58.8439,38.3789,3.5000,34.6208,15.3549,49.9671,322.6682
