obs,x1,x2,x3,x4,x5,x8,x11,y
50,59.8586,35.9047,32.4586,23.2791,47.0989,2.3137,16.8675,283.9968
91,36.8335,73.4732,22.9438,22.4610,60.3615,7.5781,9.1590,285.0001
100,49.4042,70.2695,32.3409,9.2777,36.4180,5.8495,11.8110,286.5663
49,49.7641,56.2368,32.3397,23.7388,39.6610,20.2351,16.8515,287.8296
36,66.8565,18.6585,24.0468,24.9359,81.2885,44.5147,13.7251,288.6289
13,35.6184,80.1143,19.3000,17.0968,59.7263,39.9142,16.8090,288.6992
82,62.7478,54.1990,25.8582,7.3786,42.7866,45.0518,16.3335,288.8070
115,56.3365,46.8324,28.9597,8.8384,52.2754,24.3816,17.5844,278.4438
14,38.0108,81.3140,16.1049,5.6246,58.1899,22.9697,16.3294,277.4133
9,74.1257,13.5756,22.7297,16.6567,73.0447,38.3632,12.6842,276.8664
18,49.0195,56.5358,31.0400,24.7773,49.7721,5.8449,11.3224,290.5327
17,69.0490,19.3342,20.6982,18.0237,73.4309,31.3854,13.9549,276.4297
93,54.0005,54.5384,32.0000,7.4934,45.0940,48.4204,8.1288,276.3503
59,66.3734,20.6518,27.7494,21.7434,78.9110,14.1143,18.1727,290.9573
20,47.0215,75.5571,13.9874,13.8544,55.6626,22.8742,14.2035,291.1639
60,38.0275,88.1687,15.8590,5.3240,54.9482,4.7149,27.7615,291.3003
117,44.5414,50.4239,19.8621,20.3192,69.0239,10.2155,21.5198,275.6501
101,69.8913,27.0224,26.1080,17.2384,71.0631,17.3941,14.8082,291.8094
19,52.2170,42.9126,32.0280,19.0426,51.6945,40.0145,14.7160,274.7094
104,43.5762,72.8099,17.4996,23.7447,59.5985,35.0911,12.1729,294.6436
54,41.2985,65.5318,19.5564,6.6880,65.9068,48.9187,17.2184,272.5646
68,50.3132,42.8162,28.2761,17.6983,56.1276,29.7146,13.8635,270.5985
37,56.9770,60.4973,32.0482,9.1379,48.6480,29.4998,13.8917,297.6649
6,64.7839,12.5782,27.6726,20.2132,76.9591,49.8131,13.5672,269.5706
98,37.8820,63.6710,21.4927,8.0554,69.9578,27.4252,13.8751,269.3224
64,38.1918,67.3695,17.4017,11.3698,62.8004,0.0566,14.5550,269.2789
118,71.0214,18.9475,29.9264,12.2113,86.3323,12.5761,16.6020,298.0633
24,51.3156,48.8355,32.1360,15.5246,46.0687,5.0860,10.6011,268.4673
51,53.6782,57.8783,29.6238,23.2370,48.0955,21.9341,17.0477,299.1672
114,57.7721,40.1789,29.1943,10.3507,48.7343,5.7208,14.0538,267.9912
52,58.9013,42.5202,28.3574,8.4505,41.5281,30.9796,16.0543,267.3603
41,53.4879,43.9897,36.0644,6.1292,48.5870,13.4114,14.2140,267.3016
92,75.7130,21.1709,21.9751,19.9013,77.8779,0.0002,17.4590,300.6235
63,60.5666,31.4982,31.3012,22.5204,37.3048,45.6920,13.6961,265.9120
109,37.0289,89.1700,20.0707,13.5290,58.2008,37.1691,14.7133,301.9897
34,73.4446,32.3880,28.8717,5.4161,75.5046,26.4201,16.2029,304.9725
53,63.4167,10.7217,25.5464,19.7919,77.7595,40.6862,14.6283,261.7542
12,70.3300,36.9055,28.3351,11.6338,74.3951,12.7965,14.7947,306.7677
86,74.9743,31.6173,25.7823,5.7638,80.1766,20.3361,15.2050,307.1629
94,38.1805,65.4374,17.0099,10.8018,57.7249,29.8178,18.3894,259.5769
57,39.2635,64.5398,17.7813,9.3943,62.2407,12.0463,15.1655,258.8200
27,52.9102,31.8605,37.9988,10.4861,51.7914,1.8698,13.6306,258.4631
95,42.1559,82.2481,18.9846,21.6990,58.9641,40.5134,17.0637,309.1786
33,42.4108,87.2684,20.8900,11.5621,61.2871,4.9648,12.9666,309.8743
84,40.1907,89.3022,22.7029,10.6953,64.4757,48.0334,17.1923,310.9964
71,52.0192,76.0286,24.1153,15.0616,49.6670,40.5029,11.1567,311.0114
2,67.4124,31.9922,27.2189,24.8118,75.5776,35.1834,19.7970,311.1832
74,49.8347,79.6434,32.9677,11.4540,46.1039,31.8461,9.2855,312.0270
99,56.0936,66.4800,33.0914,17.2273,45.8930,35.4457,15.7246,312.6480
46,42.1102,48.7917,18.2670,15.4300,60.9001,16.9345,17.6821,253.5403
1,66.5488,40.8322,23.1032,14.8714,84.9068,8.8576,15.7592,313.8419
112,56.6698,26.2103,28.6122,23.8127,48.2400,34.8946,13.4087,253.3861
66,79.8598,23.2873,22.5777,19.8320,80.5618,9.5366,18.5322,314.2484
22,41.3483,44.2732,20.2327,12.1786,69.1274,16.6747,15.5849,251.0212
73,57.3445,29.3477,26.7249,24.3459,38.1895,29.2206,17.8183,250.8466
44,50.9823,75.1751,29.5293,20.0165,43.5056,3.2439,12.1861,316.6250
4,71.2850,30.6935,26.9885,22.3929,82.4292,38.3476,14.3588,317.6465
47,57.6483,73.5156,31.5912,5.2294,45.9647,33.5143,17.1301,317.8036
87,38.2105,63.1133,18.6407,8.5129,59.1280,3.7358,10.8211,248.8332
102,38.7592,44.0272,20.8360,22.9098,64.2842,32.0550,14.1075,247.9257
110,39.1641,44.3081,24.8539,17.3453,57.2560,42.5126,18.8915,247.4562
8,39.0668,45.3367,20.1271,19.1311,59.2012,35.6009,16.1378,247.0816
26,41.6764,52.5051,14.6125,10.4661,63.2044,47.1257,11.2480,246.9435
90,46.2849,44.9385,30.3461,12.5701,41.2273,24.9078,11.8443,246.3460
96,56.3733,26.7193,33.8422,10.9258,44.9953,44.0850,14.5401,245.7703
103,44.5269,34.2976,22.0145,19.5507,65.4007,18.7924,14.8612,245.6508
80,54.5936,29.9196,28.4625,14.2582,40.2294,30.3163,16.7063,244.8050
120,49.7050,78.4422,32.2493,23.0485,44.8610,38.3789,15.3549,322.6682
65,38.2927,56.1253,16.1598,9.7256,59.0333,17.9293,14.3545,244.5473
108,35.9734,48.9977,20.1647,24.1098,53.9223,25.3279,14.4788,244.3138
35,59.2081,17.6403,29.7055,17.9693,44.0682,7.4998,19.2965,244.0111
7,43.4434,42.9746,19.5068,9.1166,65.1998,48.6757,15.0535,243.5471
72,40.6251,49.1745,18.7456,7.3287,63.9305,42.4741,14.5406,243.4386
28,57.3199,82.9070,31.7252,7.2562,40.2083,46.7000,16.4726,324.0610
76,59.5150,68.6008,37.6064,16.6121,45.3793,32.8357,12.4686,324.6885
25,44.7613,37.0430,23.6558,19.2054,51.5648,10.0807,13.5476,240.7544
23,51.6900,26.2503,34.5871,12.9983,45.1210,44.1737,8.0726,240.3552
5,47.1584,37.4719,21.6991,10.5521,60.0042,48.4664,15.2069,240.1550
39,47.4391,32.1141,30.1056,17.9528,44.9576,14.2637,15.9611,239.6252
78,57.5282,21.0029,26.5661,18.1957,41.4309,18.5374,15.6945,238.1902
43,73.2200,36.9043,29.4131,23.5752,74.7200,16.1421,13.4403,329.6676
70,48.7784,85.3591,32.7188,23.4966,42.5941,38.7275,15.7102,331.3075
55,57.3044,89.6990,31.3239,9.6816,39.8412,1.1189,10.0902,331.6239
81,74.9699,48.1606,28.2618,10.9146,72.6738,42.7312,15.3475,332.5638
30,70.5710,49.3862,28.4980,17.2238,72.4945,17.5916,17.5386,333.4450
89,45.5133,28.8418,19.4835,24.0177,59.8553,16.1311,13.0584,233.4114
40,53.4647,79.5261,32.2825,22.4524,49.1246,46.0658,13.8670,334.5244
16,71.2733,60.7234,26.2354,6.1228,72.6761,40.6007,12.9120,334.5754
32,75.1234,52.7334,23.7136,9.4904,76.2949,38.0679,14.7521,335.4518
107,38.1247,33.3613,24.6842,17.0159,61.6921,10.2073,18.0816,229.9820
105,35.2313,44.0848,17.7190,12.6222,65.6845,22.4764,12.8822,227.9002
67,55.1154,16.2209,31.5735,5.2271,46.3536,5.3157,14.9954,223.4462
31,42.6794,33.8287,12.0541,18.2867,61.7077,43.7424,12.1549,223.1788
21,37.2755,36.0165,17.1026,16.8408,61.8194,46.5704,14.2507,223.0202
106,70.9104,56.0857,23.5833,20.5994,75.9611,19.8325,13.7941,344.3121
61,60.3126,82.7317,35.7756,10.8531,48.8615,21.1740,19.1828,347.3478
77,82.2799,51.7145,25.1952,8.0102,72.4953,38.1122,16.8607,349.3231
15,67.0154,56.8884,24.1722,23.1006,87.4165,7.6718,12.7327,350.5684
75,56.3832,10.4856,30.3868,11.2030,41.2431,44.0245,15.4214,216.0686
113,40.1014,24.2946,18.9406,18.8539,54.9854,21.4447,19.8927,212.7451
3,40.0124,23.6998,17.9369,20.8960,55.0782,26.7468,17.4173,211.3619
97,40.5702,22.7197,19.9967,21.3099,52.7390,19.3920,18.3750,209.8281
116,41.1358,24.7487,17.5848,9.6757,60.1746,11.0956,16.3011,207.1942
62,75.9290,62.1079,26.1492,16.2826,75.1779,19.4476,15.0978,360.6434
88,46.7374,14.3668,19.3147,7.0618,61.2030,17.6518,13.7609,206.5896
10,73.2143,63.0415,25.4764,13.1746,92.6058,45.7105,13.7285,363.4294
79,37.1946,14.6939,23.4851,22.4599,59.3829,4.4383,10.5954,199.6419
56,71.8989,68.8740,26.4316,24.3073,76.6781,26.8994,11.5798,369.2971
42,40.7593,14.3701,19.4319,13.0210,63.6671,3.3901,12.1251,197.6754
11,36.0116,25.6987,20.0745,10.2913,57.1049,4.4175,15.8844,197.5043
111,44.5889,10.7138,20.7679,16.2293,56.9262,15.8484,17.1641,196.8440
83,67.6126,87.2761,22.7392,5.9151,78.3355,19.8397,14.3823,372.0793
38,69.8492,72.9461,23.7076,22.9132,79.4510,2.3494,11.9786,372.6677
85,74.4296,81.4591,22.7256,11.7189,69.3677,33.0676,13.2763,372.9849
69,36.8310,19.7709,19.4326,13.5416,57.4067,8.5104,14.0973,192.4772
48,70.0138,83.6987,23.9324,9.5968,82.9755,41.1618,17.7562,382.4399
58,72.9299,73.3049,31.2425,23.1576,77.6368,0.9507,16.0826,385.3748
29,71.2579,89.0178,25.9684,8.2081,84.6742,22.0320,15.4849,391.8072
45,71.6350,83.8667,28.1881,17.7661,84.8176,41.2315,13.4990,392.1548
119,74.1432,86.8676,25.9097,11.5342,85.6437,15.9422,17.6556,395.0866
